fraction,n,repeat,class,auc
0.1,99,0,观察,0.7161871207672735
0.1,99,0,内镜,0.7302350427350427
0.1,99,0,手术,0.9153678565443271
0.1,99,0,宏平均,0.7872633400155479
0.1,99,1,观察,0.6607946760618516
0.1,99,1,内镜,0.6660657051282051
0.1,99,1,手术,0.905982905982906
0.1,99,1,宏平均,0.7442810957243209
0.1,99,2,观察,0.7040516735173223
0.1,99,2,内镜,0.6875
0.1,99,2,手术,0.9136919725155019
0.1,99,2,宏平均,0.7684145486776082
0.1,99,3,观察,0.6656880015658642
0.1,99,3,内镜,0.6326789529914529
0.1,99,3,手术,0.9172113289760349
0.1,99,3,宏平均,0.7385260945111174
0.1,99,4,观察,0.6548574411169831
0.1,99,4,内镜,0.6929086538461539
0.1,99,4,手术,0.9001173118820177
0.1,99,4,宏平均,0.7492944689483849
0.1,99,5,观察,0.6292164154759575
0.1,99,5,内镜,0.6368189102564102
0.1,99,5,手术,0.8893916540975365
0.1,99,5,宏平均,0.7184756599433014
0.1,99,6,观察,0.6327396098388465
0.1,99,6,内镜,0.6559161324786325
0.1,99,6,手术,0.9133567957097368
0.1,99,6,宏平均,0.7340041793424051
0.1,99,7,观察,0.6607946760618515
0.1,99,7,内镜,0.6505742521367521
0.1,99,7,手术,0.9143623261270319
0.1,99,7,宏平均,0.7419104181085453
0.1,99,8,观察,0.6861747243426632
0.1,99,8,内镜,0.672809829059829
0.1,99,8,手术,0.8969331322272498
0.1,99,8,宏平均,0.7519725618765807
0.1,99,9,观察,0.6780844261760293
0.1,99,9,内镜,0.6797542735042735
0.1,99,9,手术,0.8905647729177142
0.1,99,9,宏平均,0.749467824199339
0.2,198,0,观察,0.6714947478306257
0.2,198,0,内镜,0.696113782051282
0.2,198,0,手术,0.8833584715937657
0.2,198,0,宏平均,0.7503223338252245
0.2,198,1,观察,0.6986363932928819
0.2,198,1,内镜,0.6940438034188033
0.2,198,1,手术,0.8992793698676051
0.2,198,1,宏平均,0.7639865221930968
0.2,198,2,观察,0.6969400404514908
0.2,198,2,内镜,0.7061965811965811
0.2,198,2,手术,0.9026311379252555
0.2,198,2,宏平均,0.7685892531911093
0.2,198,3,观察,0.7084230443009069
0.2,198,3,内镜,0.7102029914529914
0.2,198,3,手术,0.9316239316239318
0.2,198,3,宏平均,0.78341665579261
0.2,198,4,观察,0.7197755594702161
0.2,198,4,内镜,0.7209535256410257
0.2,198,4,手术,0.9193899782135074
0.2,198,4,宏平均,0.786706354441583
0.2,198,5,观察,0.6687544855483787
0.2,198,5,内镜,0.6775507478632479
0.2,198,5,手术,0.8991117814647226
0.2,198,5,宏平均,0.7484723382921165
0.2,198,6,观察,0.7274091472564755
0.2,198,6,内镜,0.728966346153846
0.2,198,6,手术,0.9044746103569633
0.2,198,6,宏平均,0.7869500345890948
0.2,198,7,观察,0.659816010961049
0.2,198,7,内镜,0.6844284188034189
0.2,198,7,手术,0.9458689458689458
0.2,198,7,宏平均,0.7633711252111378
0.2,198,8,观察,0.6989626149931493
0.2,198,8,内镜,0.7079326923076923
0.2,198,8,手术,0.9078263784146137
0.2,198,8,宏平均,0.7715738952384852
0.2,198,9,观察,0.718209695308932
0.2,198,9,内镜,0.7133413461538461
0.2,198,9,手术,0.9093346740405563
0.2,198,9,宏平均,0.7802952385011115
0.32,317,0,观察,0.733607359561558
0.32,317,0,内镜,0.7296340811965812
0.32,317,0,手术,0.922741746271158
0.32,317,0,宏平均,0.7953277290097658
0.32,317,1,观察,0.6936778234488158
0.32,317,1,内镜,0.6762820512820511
0.32,317,1,手术,0.9185520361990951
0.32,317,1,宏平均,0.7628373036433208
0.32,317,2,观察,0.6928296470281203
0.32,317,2,内镜,0.6824919871794872
0.32,317,2,手术,0.9279369867605162
0.32,317,2,宏平均,0.7677528736560412
0.32,317,3,观察,0.7264304821556731
0.32,317,3,内镜,0.7235576923076924
0.32,317,3,手术,0.9259259259259258
0.32,317,3,宏平均,0.7919713667964304
0.32,317,4,观察,0.7160566320871664
0.32,317,4,内镜,0.6991185897435898
0.32,317,4,手术,0.9126864420982068
0.32,317,4,宏平均,0.7759538879763209
0.32,317,5,观察,0.7239511972336401
0.32,317,5,内镜,0.7131410256410257
0.32,317,5,手术,0.9369867605161724
0.32,317,5,宏平均,0.7913596611302793
0.32,317,6,观察,0.711946238663796
0.32,317,6,内镜,0.7160790598290598
0.32,317,6,手术,0.9237472766884531
0.32,317,6,宏平均,0.783924191727103
0.32,317,7,观察,0.7234944868532655
0.32,317,7,内镜,0.7164797008547009
0.32,317,7,手术,0.9239148650913356
0.32,317,7,宏平均,0.7879630175997674
0.32,317,8,观察,0.741828146408299
0.32,317,8,内镜,0.7365117521367521
0.32,317,8,手术,0.9235796882855706
0.32,317,8,宏平均,0.8006398622768739
0.32,317,9,观察,0.7262999934755661
0.32,317,9,内镜,0.7112045940170941
0.32,317,9,手术,0.9274342215518686
0.32,317,9,宏平均,0.7883129363481762
0.45,446,0,观察,0.7331506491811836
0.45,446,0,内镜,0.7277644230769231
0.45,446,0,手术,0.9208982738394503
0.45,446,0,宏平均,0.793937782032519
0.45,446,1,观察,0.7047693612579109
0.45,446,1,内镜,0.708800747863248
0.45,446,1,手术,0.9376571141277024
0.45,446,1,宏平均,0.7837424077496203
0.45,446,2,观察,0.7114895282834215
0.45,446,2,内镜,0.6993856837606838
0.45,446,2,手术,0.9286073403720462
0.45,446,2,宏平均,0.7798275174720505
0.45,446,3,观察,0.7011809225549683
0.45,446,3,内镜,0.6993189102564101
0.45,446,3,手术,0.9244176302999831
0.45,446,3,宏平均,0.7749724877037872
0.45,446,4,观察,0.7048346055979644
0.45,446,4,内镜,0.7136084401709402
0.45,446,4,手术,0.9198927434221551
0.45,446,4,宏平均,0.7794452630636867
0.45,446,5,观察,0.70698766881973
0.45,446,5,内镜,0.7417200854700854
0.45,446,5,手术,0.9270990447461036
0.45,446,5,宏平均,0.7919355996786397
0.45,446,6,观察,0.7105108631826189
0.45,446,6,内镜,0.7003872863247863
0.45,446,6,手术,0.9326294620412267
0.45,446,6,宏平均,0.7811758705162105
0.45,446,7,观察,0.7081620669406928
0.45,446,7,内镜,0.724826388888889
0.45,446,7,手术,0.9423495894084128
0.45,446,7,宏平均,0.791779348412665
0.45,446,8,观察,0.72656097083578
0.45,446,8,内镜,0.7096020299145299
0.45,446,8,手术,0.9267638679403386
0.45,446,8,宏平均,0.7876422895635495
0.45,446,9,观察,0.6919162262673714
0.45,446,9,内镜,0.6883680555555556
0.45,446,9,手术,0.934640522875817
0.45,446,9,宏平均,0.7716416015662478
0.58,574,0,观察,0.7254518170548704
0.58,574,0,内镜,0.7096688034188033
0.58,574,0,手术,0.9240824534942181
0.58,574,0,宏平均,0.786401024655964
0.58,574,1,观察,0.7305408755790436
0.58,574,1,内镜,0.7282986111111112
0.58,574,1,手术,0.9292776939835764
0.58,574,1,宏平均,0.7960390602245769
0.58,574,2,观察,0.721602400991714
0.58,574,2,内镜,0.727363782051282
0.58,574,2,手术,0.930115635997989
0.58,574,2,宏平均,0.7930272730136617
0.58,574,3,观察,0.7268219481959939
0.58,574,3,内镜,0.7166800213675213
0.58,574,3,手术,0.9284397519691637
0.58,574,3,宏平均,0.790647240510893
0.58,574,4,观察,0.7150127226463104
0.58,574,4,内镜,0.7096688034188035
0.58,574,4,手术,0.9338025808614043
0.58,574,4,宏平均,0.786161368975506
0.58,574,5,观察,0.7097279311019768
0.58,574,5,内镜,0.7146768162393162
0.58,574,5,手术,0.9312887548181665
0.58,574,5,宏平均,0.7852311673864865
0.58,574,6,观察,0.7135773471651334
0.58,574,6,内镜,0.7053285256410255
0.58,574,6,手术,0.9316239316239315
0.58,574,6,宏平均,0.7835099348100302
0.58,574,7,观察,0.7257127944150845
0.58,574,7,内镜,0.7213541666666665
0.58,574,7,手术,0.9255907491201609
0.58,574,7,宏平均,0.7908859034006372
0.58,574,8,观察,0.7284530566973316
0.58,574,8,内镜,0.719417735042735
0.58,574,8,手术,0.9344729344729343
0.58,574,8,宏平均,0.7941145754043336
0.58,574,9,观察,0.7113590396033144
0.58,574,9,内镜,0.7175480769230769
0.58,574,9,手术,0.9210658622423328
0.58,574,9,宏平均,0.7833243262562414
0.71,703,0,观察,0.7216676453317674
0.71,703,0,内镜,0.7238915598290598
0.71,703,0,手术,0.9351432880844646
0.71,703,0,宏平均,0.7935674977484307
0.71,703,1,观察,0.7296274548182945
0.71,703,1,内镜,0.7214877136752137
0.71,703,1,手术,0.9364839953075248
0.71,703,1,宏平均,0.7958663879336777
0.71,703,2,观察,0.735173223722842
0.71,703,2,内镜,0.7373130341880343
0.71,703,2,手术,0.9235796882855706
0.71,703,2,宏平均,0.7986886487321488
0.71,703,3,观察,0.7321067397403275
0.71,703,3,内镜,0.7295005341880343
0.71,703,3,手术,0.9260935143288084
0.71,703,3,宏平均,0.79590026275239
0.71,703,4,观察,0.741306191687871
0.71,703,4,内镜,0.7415197649572649
0.71,703,4,手术,0.9292776939835763
0.71,703,4,宏平均,0.8040345502095708
0.71,703,5,观察,0.7278006132967966
0.71,703,5,内镜,0.7333733974358974
0.71,703,5,手术,0.9282721635662812
0.71,703,5,宏平均,0.7964820580996584
0.71,703,6,观察,0.7262347491355124
0.71,703,6,内镜,0.7282318376068377
0.71,703,6,手术,0.9361488185017597
0.71,703,6,宏平均,0.7968718017480366
0.71,703,7,观察,0.7131858811248123
0.71,703,7,内镜,0.7167467948717949
0.71,703,7,手术,0.9338025808614043
0.71,703,7,宏平均,0.7879117522860039
0.71,703,8,观察,0.7195798264500554
0.71,703,8,内镜,0.7171474358974359
0.71,703,8,手术,0.9239148650913357
0.71,703,8,宏平均,0.7868807091462756
0.71,703,9,观察,0.7120114830038493
0.71,703,9,内镜,0.7228231837606838
0.71,703,9,手术,0.9341377576671694
0.71,703,9,宏平均,0.7896574748105675
0.85,842,0,观察,0.7229725321328374
0.85,842,0,内镜,0.7280315170940171
0.85,842,0,手术,0.9358136416959947
0.85,842,0,宏平均,0.7956058969742831
0.85,842,1,观察,0.7149474783062569
0.85,842,1,内镜,0.7098691239316239
0.85,842,1,手术,0.9332998156527568
0.85,842,1,宏平均,0.7860388059635458
0.85,842,2,观察,0.7281268349970639
0.85,842,2,内镜,0.7220219017094017
0.85,842,2,手术,0.9341377576671694
0.85,842,2,宏平均,0.7947621647912116
0.85,842,3,观察,0.7156651660468455
0.85,842,3,内镜,0.7138755341880342
0.85,842,3,手术,0.9250879839115131
0.85,842,3,宏平均,0.7848762280487976
0.85,842,4,观察,0.7254518170548705
0.85,842,4,内镜,0.7168803418803419
0.85,842,4,手术,0.9339701692642869
0.85,842,4,宏平均,0.7921007760664999
0.85,842,5,观察,0.7152737000065243
0.85,842,5,内镜,0.7141426282051283
0.85,842,5,手术,0.9366515837104072
0.85,842,5,宏平均,0.7886893039740199
0.85,842,6,观察,0.715469433026685
0.85,842,6,内镜,0.7122061965811965
0.85,842,6,手术,0.9358136416959946
0.85,842,6,宏平均,0.7878297571012921
0.85,842,7,观察,0.7253213283747636
0.85,842,7,内镜,0.7178151709401711
0.85,842,7,手术,0.9314563432210491
0.85,842,7,宏平均,0.7915309475119946
0.85,842,8,观察,0.7312585633196321
0.85,842,8,内镜,0.734775641025641
0.85,842,8,手术,0.9319591084296966
0.85,842,8,宏平均,0.7993311042583233
0.85,842,9,观察,0.7344555359822534
0.85,842,9,内镜,0.7303018162393162
0.85,842,9,手术,0.9322942852354617
0.85,842,9,宏平均,0.7990172124856771
1.0,990,0,观察,0.73047563123899
1.0,990,0,内镜,0.7294337606837606
1.0,990,0,手术,0.9316239316239315
1.0,990,0,宏平均,0.7971777745155607
1.0,990,1,观察,0.7220591113720884
1.0,990,1,内镜,0.7148771367521368
1.0,990,1,手术,0.934305346070052
1.0,990,1,宏平均,0.7904138647314257
1.0,990,2,观察,0.7316500293599529
1.0,990,2,内镜,0.7287660256410255
1.0,990,2,手术,0.9314563432210491
1.0,990,2,宏平均,0.7972907994073425
1.0,990,3,观察,0.725125595354603
1.0,990,3,内镜,0.7192174145299146
1.0,990,3,手术,0.9327970504441092
1.0,990,3,宏平均,0.7923800201095422
1.0,990,4,观察,0.7228420434527305
1.0,990,4,内镜,0.7146100427350428
1.0,990,4,手术,0.9292776939835763
1.0,990,4,宏平均,0.7889099267237832
1.0,990,5,观察,0.7267567038559405
1.0,990,5,内镜,0.7250934829059829
1.0,990,5,手术,0.9302832244008714
1.0,990,5,宏平均,0.7940444703875983
1.0,990,6,观察,0.7294317217981341
1.0,990,6,内镜,0.7286992521367521
1.0,990,6,手术,0.9321266968325791
1.0,990,6,宏平均,0.7967525569224884
1.0,990,7,观察,0.732693938800809
1.0,990,7,内镜,0.7365785256410255
1.0,990,7,手术,0.9364839953075247
1.0,990,7,宏平均,0.8019188199164531
1.0,990,8,观察,0.7292359887779735
1.0,990,8,内镜,0.7228899572649572
1.0,990,8,手术,0.9297804591922239
1.0,990,8,宏平均,0.7939688017450516
1.0,990,9,观察,0.7308018529392575
1.0,990,9,内镜,0.7302350427350427
1.0,990,9,手术,0.9309535780124015
1.0,990,9,宏平均,0.7973301578955673
